Oraciones,Emotions
 gustado competir con macri te perdiste una oportunidad con,Negativo
 volvió a su provincia de origen.,Negativo
 para hacer una gran campaña.,Muy positivo
 Usted está haciendo punta en lo que es su intención,Positivo
 como es eso de que trabajas cuánto es bueno malo trabajar tanto,Negativo
" con las divisiones en la Argentina,",Positivo
 hasta alcanzar en esta etapa,Positivo
 por eso es necesario,Positivo
 Pero el resto,Neutral
 experiencia en el gobierno también,Positivo
 discutir sobre cada tema en detalle como,Positivo
 gente de la gente no da más te cuenta,Muy negativo
 Es la única manera de trabajar en equipo.,Positivo
" Quiero un país en el que se vuelve a producir,",Positivo
 las muertes en la calle,Muy negativo
" Vamos a crear, tomando los mejores hombres y mujeres de las fuerzas,",Positivo
 Ya tuvimos mucho de eso y miren dónde estamos.,Muy negativo
 todo ese tema no fue así te contesto te contigo ningún,Muy negativo
" Pero definitivamente, porque la industria del juicio,",Positivo
 No me consta.,Negativo
 Llegamos a dejar de invitar amigos a nuestras casas.,Negativo
" Los datos son públicos, tenemos un mapa del delito",Negativo
 o sectoriales.,Positivo
" Ahí me clavaste, me ametraseaste cuatro atracciones.",Muy negativo
 Impulsamos iniciativas como aprendí programando y codo a codo.,Positivo
" para escuchar, para aprender,",Positivo
 mi decisión de ser candidato no depende,Neutral
 ¿te bajas o estarías luchándole una interna,Negativo
 lógica cuando uno mira la política,Negativo
" con el correo de los meses,",Positivo
 otro y se y te agrede que voy a cambiar mi convicción porque,Muy negativo
 distinto cuando tenés que actuar.,Negativo
 libira que nos va a hablar de la,Positivo
 Resume muy rápido.,Muy positivo
" Entonces, hay que importar para poder producir más.",Negativo
 Se candidativa presente y la gente dice,Positivo
 Tenemos que ir camino a las elecciones,Positivo
 no vamos ni para atrás ni para adelante.,Negativo
 son los protagonistas del cambio de la transformación,Positivo
 la seguridad,Positivo
 todos te lo mandan de otras provincias,Muy negativo
 corte y enseguida volvemos con pancho,Positivo
" el país, básicamente, los fines de semana",Neutral
" no depende de eso, no depende de...",Neutral
 estamos investigándolo,Negativo
" Ese país podría funcionar, pero vamos a lo doloroso.",Muy negativo
 siglo o cambiamos yo doy esa discusión yo quiero paz para,Positivo
" Te pregunté, es muy sonsa,",Muy positivo
 pero por lo menos que existe el diálogo.,Negativo
 Eso nos dio fuerzas para insistir y lograr en el 2016,Positivo
 es una lástima de tener la mejor ciudad del mundo,Muy positivo
 A costar que me hiciste costar tarde.,Positivo
 uno no los puede obligar,Negativo
 ¿Más que finales? ¿No le es? ¿No en la otra mirada?,Negativo
 tanto pasear por ahí por eso yo lo que,Positivo
 que es tener un CESAC a no más de 15 minutos de transporte público de sus casas.,Positivo
 pueden pasar cosas muy violentas,Muy negativo
 ¿Cómo no vamos a sentarnos a pensar,Muy negativo
 Por eso quiero agradecer.,Positivo
 y no pardemos un solo día,Negativo
 gente del campo vecinos comerciantes,Positivo
 solucionar los problemas la gente,Positivo
 argentina están muy fogonías por la violencia el populismo,Muy negativo
 no soy borracho,Negativo
 Mirame a los ojos.,Positivo
 ¿Qué te decís al empresario que te está viendo?,Positivo
 Así cada crisis es peor que la anterior.,Muy negativo
 estamos no que está tomado por la droga,Neutral
" vamos a hablar de la situación social,",Negativo
 en el gobierno nacional.,Positivo
" si efectivamente ahora y concretamente se juntaría con el kishnerismo,",Muy negativo
 Es una actitud.,Positivo
" más grande que nuestras diferencias, que es mejorar la vida a la gente.",Positivo
 que nadie votó y se aprovechan hoy de la gente para hacer política.,Muy positivo
" Pusimos en marcha toda la potencia, toda la energía,",Positivo
" sumamos 450 camas utis, 7 ambulancias al SAME,",Positivo
 separe sus residuos y además impulsamos la movilidad sustentable.,Positivo
 de sentirse preparados por una competencia sana.,Neutral
 para demostrar que puede.,Positivo
 la gente cuida,Positivo
" Ahora, de vuelta",Positivo
" Nosotros les planteamos, no puede ser un descontrol en la calle.",Negativo
" Esto es clave, porque cuando las cosas son fruto de tu esfuerzo",Positivo
 para ver si se borraste el cinturón,Positivo
" Trato de no intoxicarme,",Neutral
 Si el otro no quiere dialogar,Negativo
 de energía de granos de alimentos de,Positivo
" Cuando salimos del criterio, de la chicana,",Positivo
 junto por el cambio de otro partido.,Positivo
" Y hoy los resultados se ven, son contundentes.",Muy positivo
 y a la integridad de los países.,Positivo
 fenómeno si hasta dónde es importante,Negativo
 en los equipos que coordina Diego Valenzuela.,Positivo
 Y hoy la gente tiene la convicción de que no hay nadie,Positivo
 es un drama,Positivo
 y a todos los que me están escuchando.,Positivo
 pagamos nada más,Negativo
 en nuestra historia del último siglo es la división.,Positivo
 salir de la división y pelear juntos por el país que nos merecemos.,Positivo
" un entorno en el que haya lugar para la actividad física,",Positivo
 Después la comparación lo dará cada uno.,Positivo
 entonces viendo como viven los niveles,Neutral
 Tenemos un sistema de videovigilancia.,Positivo
 necesita eso trabajo trabajo trabajo con lo cual no es fijo,Muy negativo
 por qué no los ponemos para los chorros,Negativo
 No puede haber chicos que terminen las secundarias,Negativo
" incorporando tecnología para que las denuncias sean 100% digitales,",Positivo
 la gente que vive sobre el riachuelo,Positivo
" Al empresario, le digo que primero que sé la situación",Negativo
 eso no quita,Negativo
 hablemos en serio o sea con soluciones en,Negativo
 dice que la ciudad de Buenos Aires es autónoma.,Positivo
 para la campaña,Positivo
 los hijos a las escuelas todos los días,Positivo
" iran un día, dos días, tres días",Negativo
 y me está atacando porque no llega.,Negativo
" No te estás viendo en capital nomás, ¿eh?",Negativo
" Hay que cortarla con eso, no da para más.",Muy negativo
 y Marcelo es uno de los protagonistas,Positivo
 ayer tuvimos un caso dramático,Muy negativo
 mi decisión es una convicción personal.,Neutral
" Hay que laborar, hay que estudiar,",Positivo
 ¿Estás seguro que no?,Neutral
 Yo estoy convencido que podemos seguir adelante.,Positivo
" Hola, buenas tardes, Javier Lozano.",Positivo
 de esa es la solución mágica,Muy positivo
 obviamente cuando suceda un caso,Negativo
 list pero si el con vamos a otro pero yo creo,Neutral
" En una situación de mucha atención,",Muy positivo
 estoy viajando mucho,Positivo
 cuatro puntos el producto no es que hay,Negativo
 difícil de explicarse lo alguien por,Muy negativo
 que el lejos es la mejor ciudad del mundo,Positivo
 sistema de cobertura de salud priorizando,Positivo
" Eso gracias al impulso que le dimos al sector,",Positivo
" Buenas tardes, Horacio.",Positivo
 Muchas gracias.,Muy positivo
 termina si salen campeones.,Positivo
 El segundo paso que hay que dar ahora,Positivo
 Hay que llevar inversión al interior.,Negativo
" Desde ese lugar todos los días se desvive por sus estudiantes como hizo con José, que es un alumno que en la pandemia comenzó a faltar a la escuela.",Positivo
 no lo perdamos,Negativo
 pero tan importante como esos mantiene el cuerpo activo también.,Muy positivo
" Y conformamos una fuerza nueva,",Positivo
" después el miércoles, el jueves...",Positivo
 Donde además siempre buscamos el equilibrio,Neutral
 Le abrimos la puerta al inglés desde primer grado en 2009 y hoy la ciudad ya tiene las primeras 19 escuelas públicas bilingües del país.,Positivo
 medio de monopolio porque mucho de,Negativo
 estudio y tengo la,Positivo
 y el resto de los distritos.,Positivo
 a apostar por su talento y por su barrio.,Positivo
 realmente inhumana,Muy positivo
" Los minerales, incluyendo el litio,",Positivo
 gracias a los controles,Positivo
" Ustedes se imaginan lo que sería la Argentina,",Positivo
" no, más allá de que de educación",Negativo
 renovables por una vez,Muy positivo
" Yo hablo, camino, recorro, gente como Diego Valenzuela,",Positivo
 ¿Nunca intentaste un teléfono hiper que te comunican con Cristina,Neutral
 las 9 de julio,Positivo
 en una para una discusión de desloganes,Negativo
" Por ejemplo, porque podés sobreactuar una postura personal",Positivo
" La pregunta es, el otro lo hablaba con un amigo.",Positivo
" a los sumos viernes a la tarde, el sábado y domingo",Positivo
 el día de diciembre,Positivo
" como miembro de la mesa de Junto para el cambio,",Positivo
 que es la discusión entre el gobierno nacional,Positivo
" en la ciudad de Buenos Aires, que tuvo muchísimas.",Muy positivo
 si se necesita carlos un plan de,Positivo
 para la realización de los cárceles,Positivo
 tuya te responde.,Positivo
" contraviento y marea,",Muy negativo
 Hay gente con la que se puede dialogar,Positivo
 más bajo de la historia de la ciudad.,Negativo
 y siguen acompañadas por nuestros equipos.,Positivo
 como espero que la sientan todos los porteños.,Positivo
 Todo bien. Le hago dos consultas.,Positivo
" Si ellos se juegan la vida por nosotros,",Positivo
" No, pero dijo que no iba a ser candidata",Negativo
 sacás del medio de las organizaciones,Positivo
 Así nunca se van a resolver los problemas de fondo.,Negativo
 cómodo con decir lo que hay que hacer,Positivo
 yo hago la fita de cumpleaños,Positivo
 y las peras en Río Negro,Positivo
" Primero, mi trabajo y mi experiencia.",Positivo
 acá hay que decidir o vamos por la violencia y la agresión,Muy negativo
" Mira, las posibilidades de la famosa fórmula mixta",Muy positivo
" los alimentos del todo complejo agroesportador,",Positivo
 los chorros van por adentro,Neutral
 la eliminación del impuesto a las tarjetas de crédito,Positivo
 el ministro Aníbal Fernández,Positivo
" digo, no es que tenés que estar físicamente",Negativo
" si supera la primaria, a tener una fórmula",Positivo
" Ruta 34, cerca del puente de San Martín.",Positivo
" Y, por supuesto, la evaluación para todos, en todo el país,",Positivo
 todo tiene productos importados.,Positivo
 Yo no dije que era fácil,Negativo
 para hacer cuentas de matemática básica.,Positivo
" Ahora, ese crecimiento,",Positivo
" Obviamente hoy no es imposible que te pase algo en la ciudad,",Positivo
 el día de diciembre,Positivo
 a las cinturones de seguridad,Positivo
" el día del alegato del fiscal,",Positivo
" No del sentido común, de mi sentido común.",Negativo
 Tenemos alguna pregunta de la prensa?,Positivo
 el 25 de mayo del 19.,Positivo
 que si les sacaban los fuertes a Cristina,Negativo
 por supuesto que faltan cosas,Negativo
" No, yo te lo pregunto como la caz",Negativo
" O sea, la transfiere directamente",Positivo
 Viene un país donde tenemos que volver a producir...,Positivo
 no estar atento a qué dice cada noticia,Negativo
" donde vos decías que no creías mucho en la producción de soja,",Negativo
" No es que yo lo proclamo, que lo digo si soy...",Neutral
 digamos el nivel de asignamiento de,Muy positivo
 vamos a desarrollar un plan integral de salud ambulatoria.,Positivo
 agua que no tiene agua corriente,Negativo
 y también la gente la va a votar?,Positivo
" Rees sociales también, muy rápido.",Muy positivo
 como posible presidente si es que te toca.,Positivo
" Bueno, pero los números de intención de voto",Positivo
 acabó esa sensación de que siempre,Positivo
 tengo que respetar el otro a la gente,Positivo
 mirá dónde estamos julio roca cuando asumió su primer,Positivo
 que Cristina Quiles no va a avanzar sobre la ciudad de Buenos Aires.,Negativo
 La reunión fue muy tensa.,Muy negativo
 por la invitación si andamos bien pregunta personal te hubiera,Positivo
" A ver, con lo que hicimos, el resultado funcionó.",Positivo
 me dijo que yo era un borracho,Negativo
" y que Montevideo, hoy tenemos la mitad",Positivo
" son millones las personas que viven sin luz, sin agua, sin educación,",Muy negativo
 y yo me emociono,Positivo
 que vive a dos horas en colectivo,Positivo
 Detrás de cada logro hay un equipo de gente con vocación de servicio que se animó a transformar.,Positivo
 argentina de la esperanza con la,Positivo
 es un enemigo que hay que matarlo basta de eso mirá,Muy negativo
 de los dos estrategias de sentismas,Negativo
" y gracias a lo que aprendieron se animaron a apostar,",Positivo
" resiliente e inclusiva, con metas ambiciosas,",Positivo
 Ya no voy a correr enprano. 6 y cuarto saldré por el...,Negativo
" Le digo, el mundo necesita alimentos.",Positivo
 Te pregunto y te consulto.,Positivo
 Que no hay más discusión entre la capital y el interior.,Positivo
" abarata la logística, generando un impacto positivo",Positivo
 Esta transformación es un ejemplo de lo que queremos llevar a todo el país.,Positivo
" O sea, por ese camino no va a funcionar.",Negativo
 nuevas veo no sé la seguridad mejor de la historia de la ciudad,Negativo
 y cerraron las escuelas,Negativo
 y no hay enemigo más grande que la resignación.,Muy negativo
 no puede ser que manejen las organizaciones,Negativo
" La pobreza no puede esperar, y así iniciamos el proceso de integración",Muy negativo
 la gente se va a dar cuenta,Positivo
 Hay que predicar con el ejemplo.,Positivo
" estoy recorriendo el país,",Neutral
" Leo y veo, los números estás realmente...",Positivo
 que se animó y se anima a levantar banderas que pasaron de ser promesas hoy a hechos.,Muy negativo
 Están acompañándome en esta última rendición de cuentas que me toca hacer todos los años.,Positivo
" En la pandemia desarrollamos las unidades febriles de urgencia,",Positivo
 según mi después de esta experiencia,Positivo
 el segundo paso,Positivo
" Hablé la última vez anoche, ayer a la tardisita.",Positivo
" de la ciudad, acá no más, acá se la quita",Negativo
 es mi disposición al diálogo,Positivo
 pero la mejora en la calidad de vida,Positivo
 bueno yo siento que el digamos que el,Positivo
 discurso de patricia bull rich que compite dentro de de de,Positivo
 ahora tenemos que controlar mejor todavía,Positivo
 inseguridad lo hemos demostrado en la,Muy negativo
 más efectivo y más equitativo.,Muy positivo
 que reparte,Positivo
 o ni la vas a dar esa...,Neutral
 me enganchan,Positivo
 países les podemos vender qué,Positivo
 parte de la historia que viene para,Positivo
" Ha cambiado las costumbres de vivir de todo,",Positivo
" vamos a hablar del país, vamos a hablar de la economía,",Positivo
" puedo aportar mi trabajo, mi experiencia,",Positivo
 Integrar es empezar a resolver la pobreza estructural.,Positivo
" educación, salud y seguridad",Positivo
 El cambio es buscar soluciones y trabajar todo juntos,Positivo
 ¿viste qué dicen la policía de la reta?,Positivo
 aislar en las cárceles a los capos narcos,Negativo
 poniendo en operaciones este refuerzo,Positivo
 hablemos en serio la gente no vendamos,Negativo
 que la seguridad mejoró,Positivo
" Señoras y señores,",Positivo
 yo no tomo el jugo,Negativo
 te me pongo una escupidera y paso,Muy negativo
 con respecto al ex presidente Mauricio Macri,Positivo
" Los chicos a la deriva, docentes olvidados y la infraestructura en emergencia.",Muy negativo
 cada uno lo que es del proceso yo,Positivo
 Para mí me paso un día entero que no miré nada en los medios.,Muy negativo
 Estamos viviendo una anarquía,Positivo
" En el barrio 31, en el barrio 20, en Rodrigo Bueno, en el camino de Sirga,",Positivo
" que los argentinos damos para mucho más,",Positivo
" que están atrás, rapiñando.",Negativo
 tengo la fuerza para dar las peleas que haya que dar.,Positivo
 cuál es la hoja de ruta que dejamos para que el próximo gobierno continúe con la gran transformación de Buenos Aires.,Positivo
 Nos la vamos a bancar.,Neutral
 de ticho con las banderas,Positivo
 Es una utopía.,Muy positivo
" mantengamos las abiertas en todo el país,",Positivo
 Es la policía que bajó los delitos al mínimo de la historia.,Positivo
 la situación más vulnerable de todas,Muy negativo
 educación queremos más violencia o queremos desarrollo de,Negativo
 papele,Positivo
 puedas tener una oportunidad de trabajo y de desarrollo en Lules.,Positivo
 Evidentemente dejé pasar la feria judicial de enero,Negativo
 si la mirada en quisi dorado,Positivo
" Cada familia acorde a sus posibilidades,",Positivo
 esto me rompo el culo,Muy negativo
 La verdad que en la ciudad de Buenos Aires bajamos los delitos.,Positivo
" Espera, espera, espera",Muy positivo
" Por supuesto, después hay que auditarlo",Positivo
 esto de que si se inventa un candidato,Positivo
" ahora, si yo siento en algún momento",Neutral
 Con todos los que la gente vote,Positivo
" donde hay que tener mucha convicción,",Muy positivo
 verano por el canzó la guita la,Negativo
 desemboca en la capital,Negativo
" sumando agentes, mejorando la línea de emergencias para que la respuesta a la policía sea cada vez más rápido,",Positivo
" Empezó con la inauguración del tecnológico en Parque Patricios, y hoy cuenta también con el agudiovisual,",Positivo
" A ver, nosotros tenemos manifestaciones",Positivo
" 191 días de clase,",Positivo
 le he comentado cuánto se tarde en organizar,Positivo
 tenemos el delito más bajo de la,Negativo
 gobierno para dar malas noticias,Muy negativo
 entonces hemos dado un paso,Positivo
" Bien, vamos a lo doloroso.",Muy negativo
 Eso es democrático,Muy positivo
" llevamos 25 minutos, te quiero producir 5 o 6 minutos más.",Positivo
 no consiguen trabajadores,Negativo
 ¿Nadie se incende al país?,Neutral
" Primero con Mauricio Macri, ya hablo así, duamente.",Muy negativo
" Primero, yo estoy convencido que por más que",Positivo
 gobiernan desde creo que es la vuelta,Positivo
" los colectivos casi navegando, la gente con el agua en la cintura,",Positivo
 con la convicción de que sea mucho más importante,Positivo
 me me vuelve a poner la pata no al,Neutral
 y lo digo claramente,Positivo
 no tiene lo gastronómico,Negativo
 eso lo tiene que garantizar,Positivo
" o sea, lo se lo zarras",Muy negativo
 de la época de kindy mille y pudimos,Positivo
 a los que voy a poder votar,Positivo
 la más linda del mundo te juro,Muy positivo
 Fuimos a buscar uno por uno a los que habían dejado la escuela. Armamos un plan para que tengan más horas de clase.,Positivo
" hoy con la comunicación que hay, primero, yo recorro",Muy positivo
 lo está escuchando un rosarino a mi,Positivo
 No van a terminar todos peleados.,Negativo
 que hasta empeores digamos no no va a haber un,Negativo
" Entonces, también mucha gente, viéndote,",Positivo
 ¿Vos conoces un iniciado en la política?,Negativo
" Aprender actividades nuevas mantiene la mente activa,",Positivo
 mal pero vamos bien sus títulos de,Negativo
 muy amable,Muy positivo
 que en esta zona genera,Positivo
 lo eligió la gente,Positivo
 tiene que tapar educación,Negativo
" Gracias a esa unidad, no pudieron cambiar la composición",Positivo
" laburo, malaburo, malaburo, esa es mi consigui",Muy positivo
" Escucha, ¿vos crees que ustedes...",Positivo
" yo, te repito",Positivo
 y hoy la brecha es enorme o sea gente,Muy positivo
 donde no podés estar escuchando todo el día,Negativo
" consiguió su primer trabajo en una empresa, logrando independizarse económicamente.",Positivo
 Hablar al empresario y después le vas a hablar a la clase media.,Positivo
 San Martín eso replicable después tenés,Positivo
 el 10 de diciembre,Positivo
 Yo estoy ayuntando,Positivo
" Yo estoy convencido, lo ratifico,",Positivo
 hay que acompañarla con obras de infraestructura.,Positivo
 Sumamos programación y robótica.,Muy negativo
 veía un policía ni por casualidad en,Negativo
" en la educación, en la seguridad,",Positivo
 le cortar la comunicación,Negativo
" no veo posibilidad de acordar,",Negativo
 tenemos que nosotros avanzar.,Positivo
 explicar acá en 30 segundos cómo,Positivo
 de hasta donde llegue a tu austeridad como presidente,Negativo
 no deja de cobrar el plan,Negativo
" Me dice, tengo una... Venite, venite.",Neutral
" todas las ganas que tiene la gente de trabajar,",Positivo
" No es fácil, no es fácil.",Muy negativo
 te encuentro el circuito,Positivo
 angustia desesperanza dolor ahora la,Muy negativo
 matanza en la matanza por ejemplo que,Positivo
 Y también trabajamos en la inclusión de los adultos mayores.,Positivo
 haya violencia y yo me comprometo a,Muy negativo
 donde la diversidad pueda salir a la calle sin miedo,Positivo
 copiar la ciudad en otros lugares,Positivo
 con los que creen que los únicos socios,Positivo
 para que yo te banque los primeros,Positivo
 y no es que me lo había dicho explícitamente pero pero de,Negativo
 no le doy más plata,Negativo
 no sabía,Negativo
 vocación de futuro donde lo único que,Positivo
 por no ser cuánta plata va necesita o el,Neutral
 por la invitación si estoy,Positivo
" y las cerraban en todo el país,",Negativo
 la economía masa,Positivo
" Micaela, que está hoy acá y su mamá, Rosila, por ejemplo,",Positivo
" Para los emprendedores tenemos V.A. Emprende, con el que solo en el último año asistieron más de 15.000 personas",Positivo
 Empezás a cometer errores.,Muy negativo
 gracias a un trasplante de hígado que le hicieron en el Argerich.,Positivo
 ¿Vos justamente sos un tipo...,Neutral
 van con el casco puesto acá,Positivo
 cómo se cortan los piquetes,Positivo
 las 8 de la mañana,Positivo
 cuando ayer mataron una persona,Muy negativo
 en un paraíso y vamos a estar mal,Muy negativo
 Y también les pido que terminemos con la agresión,Negativo
" Yo estoy convencido de que hay que terminar con la grieta,",Negativo
 para que las familias tengan un lugar seguro para vivir.,Positivo
 moreno la semana pasada voy a matar,Negativo
 voy por lubones,Positivo
" No, hubo una actitud firme de la policía,",Negativo
" Tengo juego todos los días,",Positivo
 esta fantasía que si es un ministerio le va a dar más importancia,Positivo
 casco para andar en moto,Positivo
 para las industrias.,Positivo
" Eso está, lo ratifico en cada ciudad que visito.",Positivo
 hay que pelearla y que mejorarla,Positivo
 Yo como padre no puedo ni imaginarme.,Muy negativo
 Donde la salud no es un privilegio.,Negativo
 replicables no creo en lo de copiar,Negativo
 oracio rodríguez la reta bienvenido buenas noches carlos gracias,Positivo
" O vea Costa, que va a recuperar la costanera y el acceso al río.",Positivo
" en una nota animalas suelto,",Muy negativo
" Los enemigos son la inflación, son la inseguridad, la grieta.",Muy negativo
" Y entramos con Luchin, gracias, Horacio.",Positivo
" como el Parque de la Innovación, que es un pueblo tecnológico y educativo",Positivo
" para evitar una situación de violencia mayor,",Muy negativo
" El primer día, 10 de diciembre",Positivo
 La plata del Estado,Positivo
 ganarles o sea la gente quiere un,Positivo
" dos cortitas, tenéis que ir primero si te vas a tomar licencia",Negativo
 Hay que terminar con la grieta.,Negativo
 tampoco es hoy falta en todavía tres meses para el,Negativo
 de conflictos ochenta años de pelea ochenta años de violencia,Muy negativo
 fenómeno de rechazo de deslamento de,Negativo
 la verdad se hizo un trabajo muy serio,Muy positivo
 dialogaré con los gobernadores,Positivo
 Esto abarca muchas dimensiones.,Muy positivo
 Algunos de ellos eran de mi partido,Positivo
 que vos me la explicaste,Positivo
 ¿Qué harías diferente? ¿Qué cambiarías?,Negativo
 gente que tiene hijos que están tomados,Positivo
 el amabulo que ha hecho fue espectacular,Muy positivo
 Hay que capacitarlos y promoverlos en base al mérito.,Positivo
" Sos permeable, ¿cómo es tu universo de información?",Neutral
 El tema de la grieta.,Negativo
 nos podríamos quedar el programa entero,Positivo
" también tiemblan muchos pymes,",Positivo
 esta capacidad de movilizar,Positivo
 con los mentirosos,Positivo
" que le tiraste un cumplido,",Positivo
 van a hundir en su principal base,Negativo
 Vamos a llevar las fuerzas armadas a las fronteras.,Positivo
" Hay que animarse a enfrentar la inseguridad en serio,",Positivo
 las alternativas y te recuerdo que en,Positivo
" El gobierno no lo cumple, por eso",Negativo
 en la provincia ¿cuándo va a ser así como en la capital?,Positivo
" No hay ninguna posibilidad, y si lo digo a todos los porteños,",Negativo
 hay que controlarse,Positivo
 gente que sino no me vota primero,Neutral
 voy a reducir los ministerios a la mitad,Negativo
" por supuesto, en el caso de Rosario",Negativo
 Te dije cómo se corta esto,Muy negativo
 dos veces un trabajo,Negativo
 provincia va por un cambio va por un,Positivo
 Gabriela estaba trabajando conmigo y yo apoyándola a ella,Positivo
 magia porque no existe la magia la,Negativo
 siempre aprendemos cosas nuevas.,Positivo
 Para eso la Argentina necesita un shock de confianza internacional,Negativo
 por las por los narcos angustia,Negativo
" Para algunas industrias, no para todas,",Negativo
" Primero le quería preguntar si tuvo contacto telefónico o personal,",Positivo
 estos resultados los vamos a llevar a todo el país.,Muy positivo
" Y quiero confirmarles, anunciarles",Positivo
 Pero hay que federalizar.,Negativo
 Tuve una interna que tuvo muchísima visibilidad.,Muy positivo
 es que la gente tome el trabajo,Positivo
 que tiene el noble objetivo de reconocer a los policías por su trabajo.,Positivo
 quisiera reiterar mi absoluto repudio al accionar ruso.,Negativo
" tomarse licencia en la jefatura de Gabinete,",Positivo
 como no hubo un plan de desarrollo que,Negativo
" hoy con la comunicación que hay, de hacer un zoom",Muy positivo
 y gente con la que por más que lo elijan,Negativo
 el país se te da un reo,Muy positivo
" o sea, eran federales antes.",Neutral
 candidato de la colisión cívica puede estar el mismo,Neutral
 Y te tiran 250 toneladas de piedra,Positivo
" Yo antes creo que fui bastante claro en lo que yo puedo aportar,",Positivo
 ¿Andás leyendo lo que dicen de vos?,Negativo
 malo que te afanas los presos,Negativo
 Pero esta asistencia no puede seguir siendo como es ahora,Negativo
 que hacen tránsito,Positivo
" Me toca tomar decisiones todos los días,",Positivo
" Vos sos Becchio, estás adentro jugando.",Positivo
" Pero, por supuesto, la Argentina es el país más cerrado.",Positivo
 y no menos una devaluación va a producir,Negativo
 el fin de marzo,Positivo
" de altísima angustia, resignación.",Muy negativo
 garantizó un interés que es el único interés que yo,Positivo
" cosas concretas, ¿crees?",Positivo
 Porque hoy en la Argentina la situación de la educación es alarmante. Cada año que pasa vemos que la educación no mejora.,Muy negativo
 con misiles y con bombas?,Muy negativo
 muchísimas gracias gracias carlos,Muy positivo
 una convicción para transformar y para ponerle al país,Positivo
 pero para 4 de cada 10 argentinos la angustia es todavía peor.,Muy negativo
 junto al ex presidente?,Positivo
 deberían tener el 40% de su producto en exportaciones.,Negativo
" y no hicieron nada en la seguridad, tiene un ministerio de educación",Negativo
 porque acá no hay nadie de la capital que venga a seguir hombro,Negativo
" La Argentina lleva años, décadas, sin crecer, sin avanzar.",Negativo
 lo que cuesta a cada uno de los presos,Negativo
 veíamos cómo le cambiaba la vida a la gente.,Muy positivo
" hay que sentarse y consensuar, no con todos,",Negativo
" No, pero sí, creo en el psicoanálisis, por supuesto.",Negativo
 No es estar viendo las consecuencias políticas,Neutral
 las urnas todo eso por eso por eso siento que la,Positivo
 trabajar ver los candidatos del pro obviamente tanto él,Positivo
" Durante más de 15 años gobernamos con un plan,",Positivo
 Para nosotros el valor de la palabra y del compromiso son esenciales.,Positivo
" Con lo cual dije, nos esperamos más",Positivo
" Primero, segundo, yo no me defino por la comparación.",Neutral
 no sabía en todos los países,Negativo
" tenemos una ciudad con desafíos muy grandes,",Muy negativo
 que te inviten la mancha veneno,Neutral
 Los estereotipos tampoco son claros.,Negativo
 Porque con la mirada se dicen muchas cosas.,Positivo
 somos los capital más seguros de toda latinoamérica,Positivo
" Ya reconocieron, ya reconocieron, a más de 130 oficiales,",Positivo
 nos alcance estamos paz y desarrollo o sea paz y crecimiento,Positivo
" gente a nivel de la provincia,",Positivo
" Ahora, para que estas industrias progresen,",Positivo
 10 minutos.,Positivo
 que continuaría el quisnerismo al,Negativo
 tenemos un desayuno de trabajo toda la,Positivo
 habitación de carrera bueno ratio,Muy positivo
 los cortes de 9 de julio?,Positivo
" hay muchos federales que sobrevivieron,",Positivo
 con que muera uno es un drama tremendo,Muy negativo
 de digitalizarlos y eliminarlos que no sirven.,Negativo
 Yo lo que pretendo es ayudar acercando soluciones.,Positivo
" Listo, perfecto.",Muy positivo
 tiene gente que vive en una situación,Negativo
" Buenas tardes, Alejandro Cancelare.",Positivo
" Entonces, lo que promueves",Positivo
 como viene siendo la política argentina del último casi,Positivo
 te pongo frente a dos modelos de conducta,Positivo
 a la justicia,Positivo
 Te preocupa la grieta.,Muy negativo
 perdían sus seres queridos,Negativo
" que puedan elegir su camino con igualdad de oportunidades,",Positivo
 después la pandemia,Negativo
 Lo asesinaron en Mar del Plata el día del padre.,Negativo
" Y esto es solo el principio. Tenemos en los próximos años previsto potenciar los aprendizajes de ciencia, matemática y tecnología.",Positivo
 gente que tiene miedo de salir de la,Negativo
 cambio y recorre la provincia tuve en,Negativo
" Ni te preocupa eso, no puede pasar nunca.",Muy negativo
 Hoy la situación es diferente.,Negativo
 no en avellaneda perfectamente,Negativo
 a la presidencia compartida con otro de los agentes,Positivo
 Te agradezco mucho.,Muy positivo
 locos que el estado nos deje laborar,Negativo
" Y dejar que la gente trabaje,",Negativo
 Te lo digo a vos mirando los ojos,Positivo
 las misiones,Muy negativo
 si yo estiendo a creer que no hay que hacer y,Neutral
 no te piden casco,Negativo
 conurbano sintetizanos que percibes,Positivo
 replicable por ejemplo del conurbano,Positivo
" o terminamos con las peleas,",Neutral
 dialogarán con los diputados,Positivo
" que es la primera vez, desde la vuelta de la democracia,",Positivo
 Pero le sacan el plan,Positivo
" Bueno, porque le sacan el plan",Positivo
" Tuvimos momentos donde nos entendimos más,",Positivo
 Es la tasa delito más baja de toda Latinoamérica.,Negativo
" eramos varios en la mesa,",Positivo
 Es una reta en campaña presidencial.,Negativo
 cuando nosotros creemos que la seguridad es prioridad,Positivo
 Lo buscan en los barrios,Positivo
 Yo me comprometo a dialogar,Positivo
 y es uno de los responsables,Positivo
" Años de impulsar cambios, como hicimos en la ciudad de Buenos Aires.",Positivo
 Ahora sabemos que la integración real es un proceso largo,Positivo
" Durante más de 15 años gobernamos con un plan,",Positivo
" cuando para mí la apertura al mundo, la inserción,",Positivo
 de la historia de la ciudad,Positivo
 Y tiene que acompañarlos en su desarrollo.,Positivo
 Ya llevamos construidas más de 100 escuelas en 15 años.,Positivo
 y meterlo en cana,Positivo
" no veo posibilidad de acuerdo,",Negativo
 dentro de un gran parque verde y público.,Muy positivo
" En los barrios populares de cada provincia hay chicos que no tienen para comer,",Muy negativo
 los dos candidatos digamos magnitios que ella te va a decir,Muy positivo
" Esto es nivelar para arriba, esto es dar herramientas para salir adelante.",Neutral
 Por eso la seguridad es otra prioridad central de nuestro gobierno.,Positivo
" Viste Luis, subiste",Positivo
" Y digo integrar, porque va más allá de urbanizar.",Positivo
 hay otro argumento que es defender la autonomía,Neutral
 y la peleo todos los días,Negativo
 y no se va a hacer un cambio de manera,Negativo
 lo que nos une que lo que nos divide.,Negativo
 igual a muchas de la ciudad de Latinoamérica o al conurbano.,Neutral
 jubilaciones en su nivel más bajo la,Negativo
 Te estaba apuntando de que a veces...,Negativo
 Priorizamos el cuidado de los chicos abriendo 75 centros de primera infancia,Positivo
 obviamente plantándose la policía.,Positivo
 que se te plante y empieces a tener manifestaciones movidas.,Positivo
 Hay que hacerlo en serio.,Positivo
" Reconocimos a los docentes aumentando sus horas de capacitación, creando la Universidad de la Ciudad y reformando el Estatuto del Docentes para reconocer y valorar el mérito en la carrera.",Positivo
 aires cuando esa relación se rompe,Muy negativo
" Bueno, que eso es una ciudad extremadamente rica,",Positivo
" familias enteras que ya no saben qué inventar para salir adelante,",Muy negativo
" Si la gente ve que la ciudad está bien,",Positivo
" Pero, ¿no es una manifestación?",Negativo
 que está pasando hoy con el peronismo,Muy negativo
 gran ingreso de dólares con el tiempo puede,Muy positivo
 que vinculó como nunca a los vecinos y el Gobierno,Positivo
 mataron el kiosquero y en ramos mejía,Negativo
 y te agradezco por lo que dijiste,Positivo
 en juntos por el cambio que expectativa,Positivo
" pero hoy, yo estoy trabajando a pleno en la Ciudad de Buenos Aires,",Neutral
 y promoviendo una Argentina productiva.,Positivo
" donde el trabajo valga, donde se valora el esfuerzo,",Positivo
" No, se arrepintió",Negativo
 Pensáeme que están todos viéndote.,Positivo
 tenemos que una visión de largo plazo,Positivo
 y con el odio en las redes sociales.,Muy negativo
 le sacó la guita,Positivo
 entonces estas décadas últimas populista que vivimos en la,Positivo
 y si no se gamo la por la mitad,Neutral
 Dicen que no le van a sacar el plan,Negativo
" pero primero va a tener que superar la primaria,",Positivo
 Sin duda.,Negativo
 hay que estudiar hay que entender bien,Positivo
" Los países crecen desde la libertad, no desde el miedo.",Positivo
 El mismo compromiso necesitamos del Gobierno Nacional,Positivo
" Para eso, vamos a impulsar una profunda transformación productiva.",Positivo
 y es un resumen de lo que fue la gestión de juntos por el cambio,Positivo
 No sé cómo me lo contó Horacio.,Negativo
 y que mientras avanzamos hay familias que necesitan la asistencia del Estado.,Positivo
 ¿Cómo quedaste con...,Muy negativo
 o esa piedra?,Muy negativo
 el momento bueno explicar bueno primero,Positivo
" Los cortos periodos de crecimiento no se sostienen,",Negativo
 me parece me cuesta creer a ver que la,Muy positivo
" 200 años, bueno, de 150 años para hacer más precisos.",Muy positivo
 ha agotado el modelo de la pelea.,Muy negativo
" Conurbano está terrible, en zonas como Rosario.",Muy negativo
" pasaron dos años, se inundaba.",Muy negativo
 le sacás la intermediación,Positivo
 estudiar eso es una alternativa si el tema la,Positivo
 bajar la inflación no le creas son,Negativo
" Entonces, si realmente uno que gobierna está convencido",Positivo
 laburando todo el día para eso,Positivo
" en otros menos, surgieron debates acalorados,",Positivo
 y lo cumplo,Positivo
" Está bueno para que se lo diga a los gringos,",Positivo
" que pensamos distinto, pero que compartimos un objetivo",Positivo
 de ideas nuevas.,Positivo
 Y un avance a partir del trabajo en la policía de la ciudad.,Positivo
" ¿Se acuerdan que lo acuchiciaron en el pecho,",Positivo
" donde estamos, pero fraga",Negativo
 cómo es el mercado del litio a qué,Positivo
" exportemos alimentos con trabajo argentino,",Positivo
 porque además hoy los tenemos ya que cumplimos con el compromiso de crear el mapa del delito.,Positivo
 o el que el adversario electoral pasa a ser un enemigo.,Muy negativo
 Nadie puede discutir que estás realmente bien,Positivo
 tiene ningún elemento de trabajo le,Neutral
" Ha estado bien administrada con un plan,",Positivo
" la energía, sobre todo en el sur del país,",Positivo
 la cabeza,Positivo
 son familias que,Positivo
" Menos más que bien, eso sabía que venía, ayer dije que iba a estar acá",Muy negativo
 Hoy la realidad es otra.,Negativo
 Yo cuando vi las vallas...,Positivo
 te hace un helicóptero amarillo,Positivo
 la ciudad y que haya un día donde se discute sobre la ciudad,Positivo
 que pueda mandar a sus hijos a una escuela pública de calidad.,Positivo
 porque si no va le sacan el plan,Negativo
" padres a los que no les alcanzan las changas para llegar a fin de mes,",Negativo
 agresión,Negativo
 nosotros el trabajo,Neutral
 a dos metros de la capital,Positivo
" No nos resignemos, no nos demos por vencidos con la Argentina,",Negativo
 de como la argentina yo me quedo con,Muy positivo
" Donde cada uno con mucha pasión,",Positivo
 pero sería mucho mejor que exportemos productos,Muy positivo
 es una lástima,Muy positivo
 frente del gobierno y desde esa base,Positivo
" sacar un Estado que hoy lo prime, lo traba, lo complica,",Muy negativo
" Bueno, a ver, tenés todas las justificaciones habidas por ahí,",Positivo
" Eso soy yo, no me defino por comparación con otro.",Neutral
" Por ejemplo, en Rosario y alrededores.",Positivo
" En el caso de que llega a decidir que sí, que compite,",Positivo
" que tienen muy buenos números,",Muy positivo
 educación,Positivo
 estos municipios gobernó el peronismo,Negativo
 por eso ahora la gente cuida,Positivo
 ¿Vos dormiste tranquilo cuando dijo eso?,Neutral
 es para que te orgulloso porque la ciudad de Buenos Aires coincide,Positivo
" La grieta famosa que me preguntaban antes,",Negativo
" Ahora, se puede porque está el talento, la fuerza.",Positivo
" No caigamos más en recetas mágicas,",Negativo
 permitió conectar mejor y más barato a nuestro país.,Positivo
 donde obviamente el productor de soja,Positivo
" Países como recursos, como la Argentina,",Positivo
 quiere parar de sufrir y cuando llegue,Negativo
 la mejora escuelas,Muy positivo
 peleándonos argentinos,Negativo
 sección electoral la gente compara,Positivo
 en su gobierno?,Positivo
 Hay que jerarquizarlos. Hay que pagarles mejor.,Negativo
" año por año, como íbamos avanzando.",Positivo
 noticias ya están hoy primero segundo,Positivo
 una cosa no hundita la otra,Neutral
 no querían dialogar con Macri,Negativo
" Bueno, hablamos los últimos tres minutos de política.",Positivo
" Con la equidad como objetivo en estos 16 años,",Neutral
 y a la mañana fui al instituto de,Positivo
 que fuimos enriqueciendo con la mirada de muchísimas personas,Muy positivo
" que es creadora del movimiento vecino junto a la policía,",Positivo
 Leo clarín y nación.,Positivo
" Es el papá de Martín Mora Negretti, al chiquito de él.",Negativo
" Bueno, incluso es vosó la posibilidad de plantearles a ustedes,",Positivo
 cómo piensa y cómo actúa.,Positivo
 por la paz y por la solución estoy para,Positivo
 El cambio no es buscar problemas ni buscar culpables.,Neutral
 muchos acá en esta casa.,Muy positivo
 la mafia y el crimen organizado.,Negativo
 hablas con todos,Positivo
 mira las encuestas empieza a ver un,Neutral
 marquesina viste que no va más eso,Negativo
 todo bolsa de resí,Muy positivo
 de cerrar la grieta.,Negativo
 no sirve para nada,Negativo
 pero lo miro y digo así de rápido.,Positivo
 Estás bien en los números.,Positivo
" Ella eligió la docencia por su abuela, que cuando era joven le contaba su experiencia en el aula.",Positivo
" Sí, bueno, estuvo el periodista guasora,",Positivo
 pero hay gringo de tu zona.,Negativo
 angustia la entiendo la veo las labia,Muy negativo
 que el intendente no sale ni la esquina,Negativo
" y de los derechos humanos en América Latina,",Negativo
 en el que logramos importantes avances conjuntos para el futuro del planeta.,Positivo
" El de las aulas, el de las palomas.",Positivo
" Hay que ganarles de elección, Bobby",Positivo
" luchemos por ella, luchemos por nuestros sueños.",Positivo
 Y lo mismo sucedió durante mi gestión cuando entubamos el Vega.,Negativo
 para todos los motocueros,Positivo
" el laburo que hicimos, yo no creo que se pueda",Negativo
 se pincha,Positivo
 de la capital federal?,Positivo
" Te cuento, le hice una nota al Zapoco Leoni en ESPN",Positivo
" mira, vos vas un domingo a Palermo",Positivo
" entre otros, la presidenta de su partido, Patricia Burry,",Positivo
 lógica el angustia el enojo con la,Muy negativo
 de gobernabilidad para un presidente,Positivo
" a la mitad, además, no es que lo voy a hacer",Negativo
 que mire al mundo como una oportunidad,Positivo
 y tener conocimientos avanzados de tecnología.,Positivo
 estaba explice nadie preparó la gente,Muy negativo
 Esta es la capital de todos los argentinos.,Positivo
 de la Corte que querían llevarla a 25 miembros,Positivo
 no es el invento nuestro,Negativo
 con nota es administrar lo que tenemos y eso en la argentina,Neutral
 es validicto a la cuenta de cada uno de ellos,Positivo
" Recuperemos la paz sin paz, no hay futuro.",Negativo
" En ese sentido, el valor de la paz social,",Positivo
" El famoso trema a Baglini,",Muy positivo
" vienen a atenderse hospitales de la ciudad de Buenos Aires,",Positivo
 pero no todas las semanas,Neutral
 Distinto es cuando el sábado había 5.000 personas en la calle.,Negativo
 algunos ni duda,Negativo
 el voto a la gente,Positivo
 bajaron los deshibeles y cada uno se fue a su casa,Positivo
 entusiasmados porque en esta dualidad,Muy positivo
 vienen a pasear a la ciudad de Buenos Aires.,Positivo
 Volver a hacer un placer.,Positivo
" Si seguimos con los agravios, con los insultos, con el odio,",Muy negativo
 más concretamente qué peronismo,Muy negativo
 Y con eso me planteo dos grandes objetivos.,Muy positivo
 primera y tercera excepción,Positivo
" que en vez de producir, de exportar granos,",Positivo
 que además es un orgullo que nuestro candidato,Muy positivo
 La Constitución Nacional dice que esta es una ciudad autónoma.,Positivo
 con el que nos vamos a encontrar el,Positivo
 de que la seguridad en la ciudad,Positivo
 hace 10 años si vas a la tardesita,Negativo
 del otro que termina mal de reo,Muy negativo
 en dos años ya cerramos 64 búnkers de los Narcos.,Positivo
 tenía que explicar en detalle cuántos,Positivo
 si la gente me elige,Positivo
 como decís,Neutral
" Y bueno, pero es igual, lo hicimos.",Positivo
" no toma más gente, porque le tiene pánico",Negativo
 he dispuesto el refuerzo de las fuerzas federales,Positivo
 reponerte paga más caro que lo que,Negativo
" pero si voles sumas a eso, lo que cuesta vivir en Argentina",Negativo
 primarias y del resultado de las,Positivo
" como te digo, la gente te dio la otra",Neutral
 necesitamos sacarle el peso muerto de un estado bobo.,Muy negativo
 uno es el de menem que decía si contaba,Neutral
 los que vivían sobre el riachuelo,Positivo
" Yo, lo que me comprometo, lo cumplo.",Positivo
 Le tendrá miedo un día,Muy negativo
" que es válido para la gran empresa o para el bar de la esquina,",Muy positivo
 van 80 mil personas,Positivo
 que habíamos muertes,Negativo
 copiemos el modelo porque ningún lugar,Neutral
 que va a acompañarlo en su gabinete.,Positivo
" Y para seguir profundizando todos los avances que mencioné,",Positivo
 Carlos que todo eso no cambia mucho la fecha,Negativo
 Tenemos la tasa de delito más baja desde que hay registro.,Positivo
" charlándose mucho tiempo,",Muy positivo
" Primero gracias a los porteños, gracias por cada encuentro, por cada reunión, por cada recorrida, por cada café que compartimos.",Positivo
 La primera tiene que ver con este tema de la grieta.,Negativo
 decisión política tener un plan,Positivo
" que hoy está como precandidato a presidente,",Positivo
 ¿Qué pasó? ¿En qué término? ¿Cómo está?,Negativo
 que asuma la responsabilidad de ayudar en la pacificación.,Positivo
" gente a nivel nacional,",Positivo
 No cortan la calle,Negativo
 cuando voy por pleno a Libertadores,Neutral
" Y todo esto, la columna vertebral, son los docentes, los maestros.",Positivo
" hoy somos una de las capitales más inclusivas del mundo,",Positivo
 una inflación galopante.,Muy negativo
 en la ciudad también hay gente que vive mal,Negativo
" Yo no entro en discusiones personales, nunca.",Neutral
 Hay manifestaciones cada tanto,Muy positivo
 yo lo conté,Positivo
" para las pymes, se imaginan para los emprendedores,",Positivo
 Con la ley de promoción de la economía social y la integración productiva,Positivo
 Los piqueteros hacen lo que quieren,Positivo
 gente no va a estar harta de eso como la,Muy negativo
 gracia moritan dentro de juntos por el cambio de varios,Positivo
 gente no va a estar enojada con la,Positivo
" los problemas argentinos, que estudiarlos, estudiar la historia",Muy negativo
" Si en la ciudad de Buenos Aires mantuvimos las escuelas abiertas,",Positivo
 o había intendentes,Positivo
 pero mano firme no de,Negativo
 Monitoríamos más de 400 estovilleras y más de 13.000 botones antipánico.,Negativo
 que invertís en fondos nacionales internacionales con,Negativo
 dialogar con ellos,Positivo
 a la corte,Positivo
 sin cascos,Negativo
 la inflación la inflación bajó ahora,Positivo
 y estoy orgulloso,Positivo
 parte del relato que muchos necesitan.,Positivo
" Entendeme la pregunta, no, no, no es tuya.",Negativo
 vos y bueno no porque ya la gente lo,Positivo
" y también pusimos en valor los mercados, abrimos cuatro patios gastronómicos.",Positivo
 parece que te había notado,Positivo
 gente pueda seguir votando a los,Positivo
" A partir de eso hubo manifestaciones el martes,",Positivo
 Los veíamos policía federal y pasaron a ser...,Negativo
 o la Argentina va a seguir dando vuelta,Positivo
" Sumamos 47 centros de salud y acción comunitaria para la atención primaria,",Positivo
 que nos muestra que involucrarnos cambia vidas.,Positivo
 ¿Intentemos algo diferente?,Negativo
 Y nadie tampoco te las puede quitar.,Negativo
 ¿cómo veníis en la secuestra?,Negativo
 que hicieron campaña a costa de enfrentar a argentinos contra argentinos.,Negativo
" La violencia y que enfrentarlo como hizo la policía,",Muy negativo
 y a mí me paran,Positivo
 yo entiendo que es difícil decir,Muy negativo
 narcotrafico el tema de la seguridad,Negativo
 fue la ministra que defendió las escuelas abiertas como,Positivo
 con todo lo que sea elegido por la gente,Positivo
 pero no digo dura,Negativo
" Y, por supuesto, también lo preguntaron mucho acá, la seguridad.",Positivo
 pero no tenemos jardineros,Negativo
 la curva y contracurva,Negativo
 conurbano van a ser a cáncer martín,Muy negativo
 que funciona,Positivo
 Hay que poner más diputados nuestros,Positivo
 y el problema se solucionó.,Positivo
" Vamos a pasar por un montón de cosas,",Muy positivo
 que ya no se convivieron,Negativo
 mango en la venta elitio la exportación,Neutral
" sobre todo industrias, como la construcción donde",Positivo
 paz y progreso eso lo que necesitamos no es administrar,Positivo
 Lo eliminamos totalmente,Negativo
 ¿Vos no te coincidieras tibio?,Muy negativo
" Acá, acá en este barrio de acá",Positivo
 la votar a la gente tantas veces pero también,Positivo
" atención de la salud, la policía presente",Positivo
 los mejores de Inglaterra,Muy positivo
 va a haber gobernadores,Positivo
 Ella dijo que no iba a ser candidata,Negativo
 No le tengo miedo que vayamos a olvidarla.,Muy positivo
" A todos nos cuesta la dura realidad que vivimos,",Neutral
 Porque vos tenés organizaciones sociales,Positivo
" Ahora, esto es muy filosófica.",Muy positivo
" Se fueron directamente a trajiste, a todos los que estaban ahí.",Muy negativo
 que no querían inaugurar obras,Negativo
 decía recién la introducción y por eso me estoy,Positivo
 lo que tenemos que trazar es un plan,Positivo
 ofrecer y lo que vengo ofreciendo la,Positivo
" Y la segunda consulta, me imagino,",Positivo
 seguramente todo se puede mejorar,Positivo
 o que quieren bajar la inflación,Neutral
" Porque el otro día me lo decían en la mesa, los gobernadores.",Positivo
 amo Buenos Aires,Positivo
" Pero primero que dice que hay que terminar con la grieta en la Argentina,",Negativo
 Es la policía que enfrenta situaciones muy difíciles,Muy negativo
" Yo creo en juntarnos, en ayudar a juntarnos todos",Positivo
 hay un artajo de la gente 100% de,Muy positivo
 Buenos Aires demostramos que contra,Negativo
" publicando los resultados, lo que no se mide, no mejora.",Muy negativo
 Es que yo coincido.,Positivo
 Y tenemos que integrarnos más.,Positivo
 mucho laburo,Muy positivo
" yo le pedí en su momento públicamente,",Positivo
" vienen de afuera, los arruinan.",Negativo
 la mejor salud posible,Positivo
 No es un tema de quién grita más fuerte,Neutral
 muy debilitados por no tener un gran candidato a,Negativo
 Te escuché el otro día cuando diste una conferencia de prensa,Negativo
" Pero sí la siento propia como porteño,",Positivo
 Pasamos de declarar la emergencia y delicia en las escuelas de la ciudad a lanzar el plan más ambicioso de obras educativas.,Muy negativo
" bueno, vos lo sabéis muy bien",Positivo
 y puedan vincularse con sus seres queridos en todo momento.,Positivo
 millones de dólares en tres años puede,Positivo
 cancha de partido español es un orgullo,Muy positivo
 No le pego a unris,Negativo
 gente la gente creía que solamente,Neutral
 pero la experiencia es necesaria,Positivo
" Yo voy a los resultados, que es lo que yo tengo que buscar.",Positivo
 abiertos la diferencia de atención es,Neutral
 la pata encima para poder explotar el,Positivo
 que no son perfectos,Negativo
 a ver la homologación del casco,Positivo
 dramático,Muy positivo
 corta la luz una semana la gente no hay,Negativo
 por ese déficit,Negativo
 secretario o subsecretario,Positivo
 Todos los delitos bajaron en la ciudad de Buenos Aires.,Muy negativo
 de cartón,Positivo
" nuestra gestión en la ciudad de Buenos Aires,",Neutral
 y la proyecta hacia el futuro hacia el año que,Positivo
 cada uno de los otros sectores políticos.,Negativo
 probablemente un factor importante,Muy positivo
 inflación Carlos 40% de pobreza como la,Muy negativo
 que realmente son políticos,Positivo
 construimos casas nuevas y arreglamos los existentes,Neutral
 carlos es un lujo para la argentina,Muy positivo
 lo percibo en cada lugar que voy.,Positivo
" Primero creo en la calma y en el templo,",Positivo
 los periodistas que es el mejor,Muy positivo
 estamos mal si vos me dijeras estamos,Muy negativo
 ¿Devaries la capital al interior?,Negativo
 primero me siento capacitado,Positivo
 La policía de la reta.,Positivo
 Son muchos los casos como ella. Es un solo ejemplo de cientos de puertas que se abrieron para jóvenes que estaban cansados de repartir currículum,Positivo
 porque labura uno solo y no la dos muchas.,Negativo
" Por eso, vamos a dar una lucha a muerte",Muy negativo
 Tensa o intensa?,Muy negativo
 empieza a dejar de serlo y es la,Negativo
 con los embusteros,Positivo
 Y en el 2016 nos pasaron la policía federal,Positivo
 a la cámara se puede mejorar la,Positivo
" Tenemos un espacio político, nosotros, muy amplio,",Muy positivo
 infinita la 1.000 horas por día y creo que la argentina,Negativo
 Te contesto con hechos.,Negativo
" La plata, la guita",Muy positivo
 Si logramos un país con un estado más eficiente,Positivo
" ves, tenemos el mismo nivel de crimen",Negativo
 cuál de los candidatos estará mejor posicionado que,Positivo
 acelerando tareas pendientes,Positivo
 ciudad de Buenos Aires no pretendo que,Negativo
 que está como la gata,Positivo
" los bares, los boliches",Positivo
 solo se cumplió en capital y en Eukén el año pasado.,Negativo
 serio profundas problemas complejos,Muy negativo
 que un día te agarré borracho,Muy negativo
" La noche de la elección interna,",Positivo
 para terminar con la impunidad y con las puertas giratorias.,Negativo
" que los esté respondiendo, resolviendo, perdón.",Negativo
" lo vamos a llevar a lo nacional,",Positivo
" de terminar con la grieta,",Negativo
 lección esta lección que viene es vamos a seguir con la violencia,Negativo
 y capacitación de los policías justo,Positivo
 el aeróbico,Positivo
" No solo le cambia la vida el camionero, sino que además",Positivo
 en la bolsa de mecánica armada,Positivo
" Todos esos esfuerzos los profundizamos desde la pandemia, que obviamente tuvo efectos graves en la educación de todos.",Muy negativo
" Una concreta es que si vos naciste en el lugar que quieras,",Positivo
 que todos se votan ahora,Positivo
 Nos animamos a transformar la ciudad,Positivo
 y sigue cobrando el plan,Positivo
" No, no, de la mañana.",Negativo
 sin parar para llevarlas para adelante.,Negativo
 los destrozo,Negativo
 Los porteños y los muchísimos argentinos,Positivo
